Date,Parameter,Value
2020-01-01T00:00:00.0000000Z,wind_speed,2.6412364828754513
2020-01-01T03:00:00.0000000Z,wind_speed,2.1925720660408055
2020-01-01T06:00:00.0000000Z,wind_speed,2.2369085094133005
2020-01-01T09:00:00.0000000Z,wind_speed,2.286555928136524
2020-01-01T12:00:00.0000000Z,wind_speed,2.216695794184519
2020-01-01T15:00:00.0000000Z,wind_speed,1.896784501053177
2020-01-01T18:00:00.0000000Z,wind_speed,4.021671341845643
2020-01-01T21:00:00.0000000Z,wind_speed,6.797264667218183
2020-01-02T00:00:00.0000000Z,wind_speed,5.536181435634147
2020-01-02T03:00:00.0000000Z,wind_speed,4.674204593021896
2020-01-02T06:00:00.0000000Z,wind_speed,3.6968756848656805
2020-01-02T09:00:00.0000000Z,wind_speed,2.9166129558695735
2020-01-02T12:00:00.0000000Z,wind_speed,2.303258259612598
2020-01-02T15:00:00.0000000Z,wind_speed,2.8513081928806803
2020-01-02T18:00:00.0000000Z,wind_speed,4.31397787287054
2020-01-02T21:00:00.0000000Z,wind_speed,4.164097249167382
2020-01-03T00:00:00.0000000Z,wind_speed,3.4974369512206263
2020-01-03T03:00:00.0000000Z,wind_speed,3.351332208970154
2020-01-03T06:00:00.0000000Z,wind_speed,4.035776620459462
2020-01-03T09:00:00.0000000Z,wind_speed,4.4930173488174585
2020-01-03T12:00:00.0000000Z,wind_speed,5.045343613960642
2020-01-03T15:00:00.0000000Z,wind_speed,6.273612990408299
2020-01-03T18:00:00.0000000Z,wind_speed,6.358419219185461
2020-01-03T21:00:00.0000000Z,wind_speed,6.118930755889591
2020-01-04T00:00:00.0000000Z,wind_speed,5.960985406019666
2020-01-04T03:00:00.0000000Z,wind_speed,5.309987638474504
2020-01-04T06:00:00.0000000Z,wind_speed,5.053318130429449
2020-01-04T09:00:00.0000000Z,wind_speed,5.553795471448827
2020-01-04T12:00:00.0000000Z,wind_speed,4.485847635656715
2020-01-04T15:00:00.0000000Z,wind_speed,4.891467717660922
2020-01-04T18:00:00.0000000Z,wind_speed,4.803132873713278
2020-01-04T21:00:00.0000000Z,wind_speed,4.387674049746402
2020-01-05T00:00:00.0000000Z,wind_speed,4.227088207398633
2020-01-05T03:00:00.0000000Z,wind_speed,3.991282372377376
2020-01-05T06:00:00.0000000Z,wind_speed,4.197388114598146
2020-01-05T09:00:00.0000000Z,wind_speed,3.73203274339411
2020-01-05T12:00:00.0000000Z,wind_speed,2.3960441256610974
2020-01-05T15:00:00.0000000Z,wind_speed,1.9801152028830025
2020-01-05T18:00:00.0000000Z,wind_speed,1.7950599284402728
2020-01-05T21:00:00.0000000Z,wind_speed,1.560234379012721
2020-01-06T00:00:00.0000000Z,wind_speed,1.7207654902520055
2020-01-06T03:00:00.0000000Z,wind_speed,1.9356950260116645
2020-01-06T06:00:00.0000000Z,wind_speed,2.2140999554910743
2020-01-06T09:00:00.0000000Z,wind_speed,1.1501306736780845
2020-01-06T12:00:00.0000000Z,wind_speed,1.1685254374098837
2020-01-06T15:00:00.0000000Z,wind_speed,1.632902260218101
2020-01-06T18:00:00.0000000Z,wind_speed,1.7277914751440322
2020-01-06T21:00:00.0000000Z,wind_speed,1.4012632694843872
2020-01-07T00:00:00.0000000Z,wind_speed,1.1057414928250247
2020-01-07T03:00:00.0000000Z,wind_speed,1.0147606663884152
2020-01-07T06:00:00.0000000Z,wind_speed,0.29421531030248577
2020-01-07T09:00:00.0000000Z,wind_speed,1.0234496086769256
2020-01-07T12:00:00.0000000Z,wind_speed,1.5987522347223064
2020-01-07T15:00:00.0000000Z,wind_speed,2.603044212823531
2020-01-07T18:00:00.0000000Z,wind_speed,2.2167597977685567
2020-01-07T21:00:00.0000000Z,wind_speed,1.9272398833248015
2020-01-08T00:00:00.0000000Z,wind_speed,1.3739142941570284
2020-01-08T03:00:00.0000000Z,wind_speed,0.8353357927349518
2020-01-08T06:00:00.0000000Z,wind_speed,1.6502222147040415
2020-01-08T09:00:00.0000000Z,wind_speed,2.605680883838865
2020-01-08T12:00:00.0000000Z,wind_speed,2.4054468081787443
2020-01-08T15:00:00.0000000Z,wind_speed,3.2020292922216784
2020-01-08T18:00:00.0000000Z,wind_speed,3.7561336931119893
2020-01-08T21:00:00.0000000Z,wind_speed,3.740130657583655
2020-01-09T00:00:00.0000000Z,wind_speed,4.429464779518813
2020-01-09T03:00:00.0000000Z,wind_speed,5.126029495396584
2020-01-09T06:00:00.0000000Z,wind_speed,5.521899824720618
2020-01-09T09:00:00.0000000Z,wind_speed,6.664838838752554
2020-01-09T12:00:00.0000000Z,wind_speed,6.148026385861639
2020-01-09T15:00:00.0000000Z,wind_speed,6.443138191783657
2020-01-09T18:00:00.0000000Z,wind_speed,6.0515446366114425
2020-01-09T21:00:00.0000000Z,wind_speed,5.64050168532581
2020-01-10T00:00:00.0000000Z,wind_speed,5.448344881204888
2020-01-10T03:00:00.0000000Z,wind_speed,5.0150259563205815
2020-01-10T06:00:00.0000000Z,wind_speed,4.341150918923089
2020-01-10T09:00:00.0000000Z,wind_speed,3.4517145650918737
2020-01-10T12:00:00.0000000Z,wind_speed,2.629244237223248
2020-01-10T15:00:00.0000000Z,wind_speed,3.0419287351335527
2020-01-10T18:00:00.0000000Z,wind_speed,2.979477338799553
2020-01-10T21:00:00.0000000Z,wind_speed,3.0994070051299722
2020-01-11T00:00:00.0000000Z,wind_speed,3.11082856951706
2020-01-11T03:00:00.0000000Z,wind_speed,3.086491589601712
2020-01-11T06:00:00.0000000Z,wind_speed,2.7610680483675387
2020-01-11T09:00:00.0000000Z,wind_speed,2.6398408052347366
2020-01-11T12:00:00.0000000Z,wind_speed,1.7468365148788285
2020-01-11T15:00:00.0000000Z,wind_speed,2.357176763880459
2020-01-11T18:00:00.0000000Z,wind_speed,1.7456963733370015
2020-01-11T21:00:00.0000000Z,wind_speed,2.0214515259107224
2020-01-12T00:00:00.0000000Z,wind_speed,1.792148118815415
2020-01-12T03:00:00.0000000Z,wind_speed,2.5058466025213075
2020-01-12T06:00:00.0000000Z,wind_speed,1.912219691329403
2020-01-12T09:00:00.0000000Z,wind_speed,2.308459342055758
2020-01-12T12:00:00.0000000Z,wind_speed,2.9999103118933688
2020-01-12T15:00:00.0000000Z,wind_speed,4.493490459503102
2020-01-12T18:00:00.0000000Z,wind_speed,5.595198333089664
2020-01-12T21:00:00.0000000Z,wind_speed,6.980493787945221
2020-01-13T00:00:00.0000000Z,wind_speed,7.488431799734643
2020-01-13T03:00:00.0000000Z,wind_speed,7.219664576920434
2020-01-13T06:00:00.0000000Z,wind_speed,6.407721607134353
2020-01-13T09:00:00.0000000Z,wind_speed,5.790031919418842
2020-01-13T12:00:00.0000000Z,wind_speed,5.041339213091855
2020-01-13T15:00:00.0000000Z,wind_speed,4.318530262757318
2020-01-13T18:00:00.0000000Z,wind_speed,4.0879893828153895
2020-01-13T21:00:00.0000000Z,wind_speed,4.475125317150684
2020-01-14T00:00:00.0000000Z,wind_speed,4.966379001746476
2020-01-14T03:00:00.0000000Z,wind_speed,5.195296885505282
2020-01-14T06:00:00.0000000Z,wind_speed,4.795112257613643
2020-01-14T09:00:00.0000000Z,wind_speed,4.952192596111644
2020-01-14T12:00:00.0000000Z,wind_speed,4.258951947360524
2020-01-14T15:00:00.0000000Z,wind_speed,4.100982853876191
2020-01-14T18:00:00.0000000Z,wind_speed,4.0021597591847256
2020-01-14T21:00:00.0000000Z,wind_speed,4.330937380691355
2020-01-15T00:00:00.0000000Z,wind_speed,4.255861669851935
2020-01-15T03:00:00.0000000Z,wind_speed,4.151199962971585
2020-01-15T06:00:00.0000000Z,wind_speed,3.8767811363599716
2020-01-15T09:00:00.0000000Z,wind_speed,3.7900648201853286
2020-01-15T12:00:00.0000000Z,wind_speed,4.264760096372683
2020-01-15T15:00:00.0000000Z,wind_speed,5.0100228677675265
2020-01-15T18:00:00.0000000Z,wind_speed,6.2607351429293185
2020-01-15T21:00:00.0000000Z,wind_speed,7.392016478327983
2020-01-16T00:00:00.0000000Z,wind_speed,8.19003564128692
2020-01-16T03:00:00.0000000Z,wind_speed,8.36800858661117
2020-01-16T06:00:00.0000000Z,wind_speed,7.945106094949862
2020-01-16T09:00:00.0000000Z,wind_speed,7.956030629481588
2020-01-16T12:00:00.0000000Z,wind_speed,7.312743557056157
2020-01-16T15:00:00.0000000Z,wind_speed,7.357592960131393
2020-01-16T18:00:00.0000000Z,wind_speed,7.916521556263158
2020-01-16T21:00:00.0000000Z,wind_speed,6.831467806147089
2020-01-17T00:00:00.0000000Z,wind_speed,6.072272887335834
2020-01-17T03:00:00.0000000Z,wind_speed,5.0708651467376455
2020-01-17T06:00:00.0000000Z,wind_speed,4.1720947551696
2020-01-17T09:00:00.0000000Z,wind_speed,3.8432997020726365
2020-01-17T12:00:00.0000000Z,wind_speed,2.751607860569749
2020-01-17T15:00:00.0000000Z,wind_speed,1.973239017754457
2020-01-17T18:00:00.0000000Z,wind_speed,2.0210747961793514
2020-01-17T21:00:00.0000000Z,wind_speed,2.1956236660520707
2020-01-18T00:00:00.0000000Z,wind_speed,3.2489348620259326
2020-01-18T03:00:00.0000000Z,wind_speed,3.489355973418006
2020-01-18T06:00:00.0000000Z,wind_speed,3.5009097703911625
2020-01-18T09:00:00.0000000Z,wind_speed,3.5484775208738664
2020-01-18T12:00:00.0000000Z,wind_speed,2.6787112695057713
2020-01-18T15:00:00.0000000Z,wind_speed,2.772894928211519
2020-01-18T18:00:00.0000000Z,wind_speed,2.350431204224234
2020-01-18T21:00:00.0000000Z,wind_speed,2.5302422134807085
2020-01-19T00:00:00.0000000Z,wind_speed,2.860565260893028
2020-01-19T03:00:00.0000000Z,wind_speed,3.712330831626041
2020-01-19T06:00:00.0000000Z,wind_speed,4.490209818608571
2020-01-19T09:00:00.0000000Z,wind_speed,5.416006851059139
2020-01-19T12:00:00.0000000Z,wind_speed,4.8701547268515935
2020-01-19T15:00:00.0000000Z,wind_speed,4.339823521778631
2020-01-19T18:00:00.0000000Z,wind_speed,4.26629489179803
2020-01-19T21:00:00.0000000Z,wind_speed,4.226149643022898
2020-01-20T00:00:00.0000000Z,wind_speed,4.794941173026651
2020-01-20T03:00:00.0000000Z,wind_speed,5.00232432142186
2020-01-20T06:00:00.0000000Z,wind_speed,4.822650711413638
2020-01-20T09:00:00.0000000Z,wind_speed,5.593312882643449
2020-01-20T12:00:00.0000000Z,wind_speed,4.573443811911733
2020-01-20T15:00:00.0000000Z,wind_speed,5.201598848443459
2020-01-20T18:00:00.0000000Z,wind_speed,4.880883953721766
2020-01-20T21:00:00.0000000Z,wind_speed,3.8962805854727716
2020-01-21T00:00:00.0000000Z,wind_speed,3.7883422350575495
2020-01-21T03:00:00.0000000Z,wind_speed,3.079851434915321
2020-01-21T06:00:00.0000000Z,wind_speed,3.578637412478926
2020-01-21T09:00:00.0000000Z,wind_speed,4.397953951577251
2020-01-21T12:00:00.0000000Z,wind_speed,4.884842007467164
2020-01-21T15:00:00.0000000Z,wind_speed,6.078524803746766
2020-01-21T18:00:00.0000000Z,wind_speed,6.638868533823182
2020-01-21T21:00:00.0000000Z,wind_speed,5.969374705622432
2020-01-22T00:00:00.0000000Z,wind_speed,4.806853596512432
2020-01-22T03:00:00.0000000Z,wind_speed,5.267773681924472
2020-01-22T06:00:00.0000000Z,wind_speed,6.5839364157529
2020-01-22T09:00:00.0000000Z,wind_speed,7.96823004937993
2020-01-22T12:00:00.0000000Z,wind_speed,6.355655440172813
2020-01-22T15:00:00.0000000Z,wind_speed,5.418022216377391
2020-01-22T18:00:00.0000000Z,wind_speed,4.895506719889984
2020-01-22T21:00:00.0000000Z,wind_speed,4.747347380466999
2020-01-23T00:00:00.0000000Z,wind_speed,3.344166385455402
2020-01-23T03:00:00.0000000Z,wind_speed,3.255105288322456
2020-01-23T06:00:00.0000000Z,wind_speed,3.476754386312125
2020-01-23T09:00:00.0000000Z,wind_speed,4.0109258387281645
2020-01-23T12:00:00.0000000Z,wind_speed,3.265642372258838
2020-01-23T15:00:00.0000000Z,wind_speed,4.509703384240389
2020-01-23T18:00:00.0000000Z,wind_speed,4.281184526455305
2020-01-23T21:00:00.0000000Z,wind_speed,4.389980297109648
2020-01-24T00:00:00.0000000Z,wind_speed,4.070186542187969
2020-01-24T03:00:00.0000000Z,wind_speed,4.301858621225374
2020-01-24T06:00:00.0000000Z,wind_speed,4.239959788564921
2020-01-24T09:00:00.0000000Z,wind_speed,4.934943724377156
2020-01-24T12:00:00.0000000Z,wind_speed,4.5596054105792465
2020-01-24T15:00:00.0000000Z,wind_speed,4.808994767335401
2020-01-24T18:00:00.0000000Z,wind_speed,6.257107869460712
2020-01-24T21:00:00.0000000Z,wind_speed,6.213653402286505
2020-01-25T00:00:00.0000000Z,wind_speed,5.175357673615046
2020-01-25T03:00:00.0000000Z,wind_speed,4.676745647371563
2020-01-25T06:00:00.0000000Z,wind_speed,4.539968474576979
2020-01-25T09:00:00.0000000Z,wind_speed,4.632471386111773
2020-01-25T12:00:00.0000000Z,wind_speed,3.6274016167886205
2020-01-25T15:00:00.0000000Z,wind_speed,3.3732820534133694
2020-01-25T18:00:00.0000000Z,wind_speed,2.548141301087976
2020-01-25T21:00:00.0000000Z,wind_speed,1.9719342712057164
2020-01-26T00:00:00.0000000Z,wind_speed,1.9963397247283798
2020-01-26T03:00:00.0000000Z,wind_speed,4.358192434084754
2020-01-26T06:00:00.0000000Z,wind_speed,5.4740512562889005
2020-01-26T09:00:00.0000000Z,wind_speed,7.513137809237418
2020-01-26T12:00:00.0000000Z,wind_speed,7.706914332461294
2020-01-26T15:00:00.0000000Z,wind_speed,6.767312820113671
2020-01-26T18:00:00.0000000Z,wind_speed,5.603332438427566
2020-01-26T21:00:00.0000000Z,wind_speed,4.003886845977293
2020-01-27T00:00:00.0000000Z,wind_speed,3.60939188697112
2020-01-27T03:00:00.0000000Z,wind_speed,5.3817485369151035
2020-01-27T06:00:00.0000000Z,wind_speed,7.014832888322664
2020-01-27T09:00:00.0000000Z,wind_speed,9.786759142845485
2020-01-27T12:00:00.0000000Z,wind_speed,10.025709305571983
2020-01-27T15:00:00.0000000Z,wind_speed,7.664553001310223
2020-01-27T18:00:00.0000000Z,wind_speed,5.907133272636171
2020-01-27T21:00:00.0000000Z,wind_speed,4.151519723128707
2020-01-28T00:00:00.0000000Z,wind_speed,2.8480260724020594
2020-01-28T03:00:00.0000000Z,wind_speed,1.3209357056232491
2020-01-28T06:00:00.0000000Z,wind_speed,0.5696218955858481
2020-01-28T09:00:00.0000000Z,wind_speed,2.1181678911889055
2020-01-28T12:00:00.0000000Z,wind_speed,2.3327609364090205
2020-01-28T15:00:00.0000000Z,wind_speed,3.413885990539921
2020-01-28T18:00:00.0000000Z,wind_speed,4.4623906305099545
2020-01-28T21:00:00.0000000Z,wind_speed,4.893235599237779
2020-01-29T00:00:00.0000000Z,wind_speed,5.360325518395687
2020-01-29T03:00:00.0000000Z,wind_speed,5.82179878079801
2020-01-29T06:00:00.0000000Z,wind_speed,6.048625823205847
2020-01-29T09:00:00.0000000Z,wind_speed,5.963270264207235
2020-01-29T12:00:00.0000000Z,wind_speed,5.496677686616011
2020-01-29T15:00:00.0000000Z,wind_speed,5.446389321380544
2020-01-29T18:00:00.0000000Z,wind_speed,5.874839112153236
2020-01-29T21:00:00.0000000Z,wind_speed,5.58389712848996
2020-01-30T00:00:00.0000000Z,wind_speed,5.598504757603601
2020-01-30T03:00:00.0000000Z,wind_speed,5.408320943111183
2020-01-30T06:00:00.0000000Z,wind_speed,5.106461901608771
2020-01-30T09:00:00.0000000Z,wind_speed,5.277166039887815
2020-01-30T12:00:00.0000000Z,wind_speed,5.316432099659149
2020-01-30T15:00:00.0000000Z,wind_speed,5.588611006591029
2020-01-30T18:00:00.0000000Z,wind_speed,5.800117376421469
2020-01-30T21:00:00.0000000Z,wind_speed,5.256168400454147
2020-01-31T00:00:00.0000000Z,wind_speed,5.286911612304849
2020-01-31T03:00:00.0000000Z,wind_speed,6.122204502069869
2020-01-31T06:00:00.0000000Z,wind_speed,7.14852467297009
2020-01-31T09:00:00.0000000Z,wind_speed,7.886781137127362
2020-01-31T12:00:00.0000000Z,wind_speed,6.938108512244494
2020-01-31T15:00:00.0000000Z,wind_speed,5.963518979632362
2020-01-31T18:00:00.0000000Z,wind_speed,5.146542270544402
2020-01-31T21:00:00.0000000Z,wind_speed,4.181147565975548
2020-02-01T00:00:00.0000000Z,wind_speed,3.117821134425878
2020-02-01T03:00:00.0000000Z,wind_speed,2.1982302621768017
2020-02-01T06:00:00.0000000Z,wind_speed,1.8794583102734939
2020-02-01T09:00:00.0000000Z,wind_speed,2.111402189559039
2020-02-01T12:00:00.0000000Z,wind_speed,1.307788574675217
2020-02-01T15:00:00.0000000Z,wind_speed,1.5269438393739827
2020-02-01T18:00:00.0000000Z,wind_speed,1.9007921543465534
2020-02-01T21:00:00.0000000Z,wind_speed,2.2542355697094987
2020-02-02T00:00:00.0000000Z,wind_speed,3.231512569298555
2020-02-02T03:00:00.0000000Z,wind_speed,4.133349280153718
2020-02-02T06:00:00.0000000Z,wind_speed,4.848170885307409
2020-02-02T09:00:00.0000000Z,wind_speed,5.853726716620871
2020-02-02T12:00:00.0000000Z,wind_speed,5.905938740513438
2020-02-02T15:00:00.0000000Z,wind_speed,6.253116681631346
2020-02-02T18:00:00.0000000Z,wind_speed,6.656467695932449
2020-02-02T21:00:00.0000000Z,wind_speed,7.375363183243372
2020-02-03T00:00:00.0000000Z,wind_speed,8.150691174306015
2020-02-03T03:00:00.0000000Z,wind_speed,7.215128525328886
2020-02-03T06:00:00.0000000Z,wind_speed,5.79948007630727
2020-02-03T09:00:00.0000000Z,wind_speed,4.036721757192865
2020-02-03T12:00:00.0000000Z,wind_speed,3.329633555909551
2020-02-03T15:00:00.0000000Z,wind_speed,4.835459004843561
2020-02-03T18:00:00.0000000Z,wind_speed,5.231506812189999
2020-02-03T21:00:00.0000000Z,wind_speed,6.194900754674861
2020-02-04T00:00:00.0000000Z,wind_speed,6.49951326777895
2020-02-04T03:00:00.0000000Z,wind_speed,5.505585835851665
2020-02-04T06:00:00.0000000Z,wind_speed,4.432184511455144
2020-02-04T09:00:00.0000000Z,wind_speed,4.178384641830824
2020-02-04T12:00:00.0000000Z,wind_speed,3.081853641860659
2020-02-04T15:00:00.0000000Z,wind_speed,4.651949993309081
2020-02-04T18:00:00.0000000Z,wind_speed,4.338336315972338
2020-02-04T21:00:00.0000000Z,wind_speed,4.4898384658182255
2020-02-05T00:00:00.0000000Z,wind_speed,4.495125253733536
2020-02-05T03:00:00.0000000Z,wind_speed,4.741791843603668
2020-02-05T06:00:00.0000000Z,wind_speed,5.609561370540524
2020-02-05T09:00:00.0000000Z,wind_speed,6.196007158826777
2020-02-05T12:00:00.0000000Z,wind_speed,5.835987050931333
2020-02-05T15:00:00.0000000Z,wind_speed,4.863438858468388
2020-02-05T18:00:00.0000000Z,wind_speed,4.762797863783751
2020-02-05T21:00:00.0000000Z,wind_speed,4.5579347086127715
2020-02-06T00:00:00.0000000Z,wind_speed,5.243987650531228
2020-02-06T03:00:00.0000000Z,wind_speed,4.987639567877125
2020-02-06T06:00:00.0000000Z,wind_speed,4.177150000579714
2020-02-06T09:00:00.0000000Z,wind_speed,4.78994961426579
2020-02-06T12:00:00.0000000Z,wind_speed,2.95320559937482
2020-02-06T15:00:00.0000000Z,wind_speed,3.953193992052741
2020-02-06T18:00:00.0000000Z,wind_speed,5.700007835749116
2020-02-06T21:00:00.0000000Z,wind_speed,5.470068442910165
2020-02-07T00:00:00.0000000Z,wind_speed,4.972371783812737
2020-02-07T03:00:00.0000000Z,wind_speed,4.515594043712199
2020-02-07T06:00:00.0000000Z,wind_speed,3.5241480372514182
2020-02-07T09:00:00.0000000Z,wind_speed,2.2208326492671997
2020-02-07T12:00:00.0000000Z,wind_speed,0.7077670878700046
2020-02-07T15:00:00.0000000Z,wind_speed,1.4311132872291166
2020-02-07T18:00:00.0000000Z,wind_speed,2.517241992215679
2020-02-07T21:00:00.0000000Z,wind_speed,3.5934835572776107
2020-02-08T00:00:00.0000000Z,wind_speed,5.169797426538553
2020-02-08T03:00:00.0000000Z,wind_speed,6.114168599431736
2020-02-08T06:00:00.0000000Z,wind_speed,6.289460734020239
2020-02-08T09:00:00.0000000Z,wind_speed,5.837461097455836
2020-02-08T12:00:00.0000000Z,wind_speed,5.968583108883569
2020-02-08T15:00:00.0000000Z,wind_speed,4.978122220864566
2020-02-08T18:00:00.0000000Z,wind_speed,4.256488215183926
2020-02-08T21:00:00.0000000Z,wind_speed,3.8672819356862327
2020-02-09T00:00:00.0000000Z,wind_speed,3.476041077265468
2020-02-09T03:00:00.0000000Z,wind_speed,2.8996576494679207
2020-02-09T06:00:00.0000000Z,wind_speed,3.5292951231284118
2020-02-09T09:00:00.0000000Z,wind_speed,3.7384713541077916
2020-02-09T12:00:00.0000000Z,wind_speed,4.046363210571847
2020-02-09T15:00:00.0000000Z,wind_speed,4.18211931301479
2020-02-09T18:00:00.0000000Z,wind_speed,4.962132542821319
2020-02-09T21:00:00.0000000Z,wind_speed,5.73869586233903
2020-02-10T00:00:00.0000000Z,wind_speed,5.714769308758095
2020-02-10T03:00:00.0000000Z,wind_speed,5.616685981720704
2020-02-10T06:00:00.0000000Z,wind_speed,5.3776140245680875
2020-02-10T09:00:00.0000000Z,wind_speed,5.0511485575008415
2020-02-10T12:00:00.0000000Z,wind_speed,4.931915947348007
2020-02-10T15:00:00.0000000Z,wind_speed,5.51949232931018
2020-02-10T18:00:00.0000000Z,wind_speed,5.798036031206245
2020-02-10T21:00:00.0000000Z,wind_speed,5.3047618726226755
2020-02-11T00:00:00.0000000Z,wind_speed,5.144178177671995
2020-02-11T03:00:00.0000000Z,wind_speed,5.242988130710768
2020-02-11T06:00:00.0000000Z,wind_speed,6.314281834968185
2020-02-11T09:00:00.0000000Z,wind_speed,5.926263103875437
2020-02-11T12:00:00.0000000Z,wind_speed,5.969191395709114
2020-02-11T15:00:00.0000000Z,wind_speed,6.466954954636736
2020-02-11T18:00:00.0000000Z,wind_speed,6.871384603790434
2020-02-11T21:00:00.0000000Z,wind_speed,6.606039745680505
2020-02-12T00:00:00.0000000Z,wind_speed,6.220577831970363
2020-02-12T03:00:00.0000000Z,wind_speed,5.83261675527193
2020-02-12T06:00:00.0000000Z,wind_speed,5.592248657394894
2020-02-12T09:00:00.0000000Z,wind_speed,4.828117351987606
2020-02-12T12:00:00.0000000Z,wind_speed,5.076923824757185
2020-02-12T15:00:00.0000000Z,wind_speed,4.212795574566556
2020-02-12T18:00:00.0000000Z,wind_speed,4.6499737642004515
2020-02-12T21:00:00.0000000Z,wind_speed,3.518665717659654
2020-02-13T00:00:00.0000000Z,wind_speed,3.446394026566517
2020-02-13T03:00:00.0000000Z,wind_speed,3.1393986434330885
2020-02-13T06:00:00.0000000Z,wind_speed,3.4612293859098857
2020-02-13T09:00:00.0000000Z,wind_speed,3.679044320197906
2020-02-13T12:00:00.0000000Z,wind_speed,2.8359051507917563
2020-02-13T15:00:00.0000000Z,wind_speed,2.7381745635640278
2020-02-13T18:00:00.0000000Z,wind_speed,2.2280343563364995
2020-02-13T21:00:00.0000000Z,wind_speed,2.7102568495076533
2020-02-14T00:00:00.0000000Z,wind_speed,2.662874855306229
2020-02-14T03:00:00.0000000Z,wind_speed,2.603296005986174
2020-02-14T06:00:00.0000000Z,wind_speed,2.175181992525651
2020-02-14T09:00:00.0000000Z,wind_speed,2.189697660275988
2020-02-14T12:00:00.0000000Z,wind_speed,2.3859404858377515
2020-02-14T15:00:00.0000000Z,wind_speed,1.9282259531540955
2020-02-14T18:00:00.0000000Z,wind_speed,1.6148515328642958
2020-02-14T21:00:00.0000000Z,wind_speed,1.7642023623397138
2020-02-15T00:00:00.0000000Z,wind_speed,1.7034062784673571
2020-02-15T03:00:00.0000000Z,wind_speed,1.6727822914583235
2020-02-15T06:00:00.0000000Z,wind_speed,1.9017983350959233
2020-02-15T09:00:00.0000000Z,wind_speed,1.5993417623709933
2020-02-15T12:00:00.0000000Z,wind_speed,1.2901276886678013
2020-02-15T15:00:00.0000000Z,wind_speed,1.3917671296353689
2020-02-15T18:00:00.0000000Z,wind_speed,1.1657156725444482
2020-02-15T21:00:00.0000000Z,wind_speed,0.9851819323450254
2020-02-16T00:00:00.0000000Z,wind_speed,0.9729209142423955
2020-02-16T03:00:00.0000000Z,wind_speed,1.0673871766130043
2020-02-16T06:00:00.0000000Z,wind_speed,1.4890711772031362
2020-02-16T09:00:00.0000000Z,wind_speed,1.9791009912805042
2020-02-16T12:00:00.0000000Z,wind_speed,1.9510990544410505
2020-02-16T15:00:00.0000000Z,wind_speed,2.5191820908502196
2020-02-16T18:00:00.0000000Z,wind_speed,3.5619256459903355
2020-02-16T21:00:00.0000000Z,wind_speed,5.091727915144658
2020-02-17T00:00:00.0000000Z,wind_speed,5.696510859947396
2020-02-17T03:00:00.0000000Z,wind_speed,6.520994753788174
2020-02-17T06:00:00.0000000Z,wind_speed,6.8682306774522255
2020-02-17T09:00:00.0000000Z,wind_speed,7.404062487527888
2020-02-17T12:00:00.0000000Z,wind_speed,8.54908332957007
2020-02-17T15:00:00.0000000Z,wind_speed,9.780544182424137
2020-02-17T18:00:00.0000000Z,wind_speed,10.113967039230124
2020-02-17T21:00:00.0000000Z,wind_speed,9.622595038580817
2020-02-18T00:00:00.0000000Z,wind_speed,8.139191378409306
2020-02-18T03:00:00.0000000Z,wind_speed,6.847408996955865
2020-02-18T06:00:00.0000000Z,wind_speed,6.827196647158925
2020-02-18T09:00:00.0000000Z,wind_speed,7.499928880212732
2020-02-18T12:00:00.0000000Z,wind_speed,7.106151379770077
2020-02-18T15:00:00.0000000Z,wind_speed,6.6317935272494815
2020-02-18T18:00:00.0000000Z,wind_speed,6.2245498270181185
2020-02-18T21:00:00.0000000Z,wind_speed,5.621890930160659
2020-02-19T00:00:00.0000000Z,wind_speed,5.416944768567789
2020-02-19T03:00:00.0000000Z,wind_speed,5.121054413417062
2020-02-19T06:00:00.0000000Z,wind_speed,5.112666301194054
2020-02-19T09:00:00.0000000Z,wind_speed,4.579706116238284
2020-02-19T12:00:00.0000000Z,wind_speed,3.633175672056674
2020-02-19T15:00:00.0000000Z,wind_speed,3.275414351877378
2020-02-19T18:00:00.0000000Z,wind_speed,3.384872398542323
2020-02-19T21:00:00.0000000Z,wind_speed,3.33304802670082
2020-02-20T00:00:00.0000000Z,wind_speed,2.543647437846394
2020-02-20T03:00:00.0000000Z,wind_speed,2.747012576010469
2020-02-20T06:00:00.0000000Z,wind_speed,2.9020137280584786
2020-02-20T09:00:00.0000000Z,wind_speed,3.466305902497133
2020-02-20T12:00:00.0000000Z,wind_speed,2.8953880844110165
2020-02-20T15:00:00.0000000Z,wind_speed,2.6949366407872732
2020-02-20T18:00:00.0000000Z,wind_speed,2.413981302181477
2020-02-20T21:00:00.0000000Z,wind_speed,2.357983935154631
2020-02-21T00:00:00.0000000Z,wind_speed,2.536347324761922
2020-02-21T03:00:00.0000000Z,wind_speed,2.3100475047924687
2020-02-21T06:00:00.0000000Z,wind_speed,2.2873154624687904
2020-02-21T09:00:00.0000000Z,wind_speed,1.6489128402357847
2020-02-21T12:00:00.0000000Z,wind_speed,1.5609011505754802
2020-02-21T15:00:00.0000000Z,wind_speed,2.217742019327817
2020-02-21T18:00:00.0000000Z,wind_speed,2.3261624178260156
2020-02-21T21:00:00.0000000Z,wind_speed,2.297344166037238
2020-02-22T00:00:00.0000000Z,wind_speed,2.284065603959111
2020-02-22T03:00:00.0000000Z,wind_speed,1.9064553695091107
2020-02-22T06:00:00.0000000Z,wind_speed,1.652592717338243
2020-02-22T09:00:00.0000000Z,wind_speed,1.5646326708113576
2020-02-22T12:00:00.0000000Z,wind_speed,2.063645534185762
2020-02-22T15:00:00.0000000Z,wind_speed,3.047100253573305
2020-02-22T18:00:00.0000000Z,wind_speed,3.9011601378498835
2020-02-22T21:00:00.0000000Z,wind_speed,4.514923086039336
2020-02-23T00:00:00.0000000Z,wind_speed,5.873283449129599
2020-02-23T03:00:00.0000000Z,wind_speed,6.416714553545866
2020-02-23T06:00:00.0000000Z,wind_speed,5.756967469180133
2020-02-23T09:00:00.0000000Z,wind_speed,6.73064702418595
2020-02-23T12:00:00.0000000Z,wind_speed,8.338925503580937
2020-02-23T15:00:00.0000000Z,wind_speed,8.544891534890457
2020-02-23T18:00:00.0000000Z,wind_speed,8.457217616019282
2020-02-23T21:00:00.0000000Z,wind_speed,7.344698385250156
2020-02-24T00:00:00.0000000Z,wind_speed,6.397541721626656
2020-02-24T03:00:00.0000000Z,wind_speed,5.552729143987138
2020-02-24T06:00:00.0000000Z,wind_speed,4.607502042942902
2020-02-24T09:00:00.0000000Z,wind_speed,4.850540458743694
2020-02-24T12:00:00.0000000Z,wind_speed,3.3627682975857613
2020-02-24T15:00:00.0000000Z,wind_speed,3.2456997227760316
2020-02-24T18:00:00.0000000Z,wind_speed,3.9754956739000473
2020-02-24T21:00:00.0000000Z,wind_speed,3.3800194004512822
2020-02-25T00:00:00.0000000Z,wind_speed,5.128712103264423
2020-02-25T03:00:00.0000000Z,wind_speed,6.121905162415309
2020-02-25T06:00:00.0000000Z,wind_speed,7.04780307132148
2020-02-25T09:00:00.0000000Z,wind_speed,8.083668369434374
2020-02-25T12:00:00.0000000Z,wind_speed,7.32110770948802
2020-02-25T15:00:00.0000000Z,wind_speed,5.054500675839481
2020-02-25T18:00:00.0000000Z,wind_speed,4.000564466204877
2020-02-25T21:00:00.0000000Z,wind_speed,7.598773783210531
2020-02-26T00:00:00.0000000Z,wind_speed,8.36958536384199
2020-02-26T03:00:00.0000000Z,wind_speed,7.8760943639339995
2020-02-26T06:00:00.0000000Z,wind_speed,6.494892143375075
2020-02-26T09:00:00.0000000Z,wind_speed,5.628221970938244
2020-02-26T12:00:00.0000000Z,wind_speed,4.006244486393158
2020-02-26T15:00:00.0000000Z,wind_speed,2.560857227114228
2020-02-26T18:00:00.0000000Z,wind_speed,4.434390505327694
2020-02-26T21:00:00.0000000Z,wind_speed,5.755495608577501
2020-02-27T00:00:00.0000000Z,wind_speed,5.657712047629511
2020-02-27T03:00:00.0000000Z,wind_speed,5.241515720366224
2020-02-27T06:00:00.0000000Z,wind_speed,4.75279852220999
2020-02-27T09:00:00.0000000Z,wind_speed,4.852255680605472
2020-02-27T12:00:00.0000000Z,wind_speed,4.396543850967704
2020-02-27T15:00:00.0000000Z,wind_speed,4.505883848283238
2020-02-27T18:00:00.0000000Z,wind_speed,4.55509014443945
2020-02-27T21:00:00.0000000Z,wind_speed,4.693164618888389
2020-02-28T00:00:00.0000000Z,wind_speed,5.516666196622401
2020-02-28T03:00:00.0000000Z,wind_speed,5.72535779333594
2020-02-28T06:00:00.0000000Z,wind_speed,6.267668687841059
2020-02-28T09:00:00.0000000Z,wind_speed,6.308031937392619
2020-02-28T12:00:00.0000000Z,wind_speed,6.463159799888481
2020-02-28T15:00:00.0000000Z,wind_speed,7.2894982435398
2020-02-28T18:00:00.0000000Z,wind_speed,8.24302528729257
2020-02-28T21:00:00.0000000Z,wind_speed,6.65331442568914
2020-02-29T00:00:00.0000000Z,wind_speed,5.679392820875955
2020-02-29T03:00:00.0000000Z,wind_speed,4.188958174164785
2020-02-29T06:00:00.0000000Z,wind_speed,8.26853225221327
2020-02-29T09:00:00.0000000Z,wind_speed,6.114157886885964
2020-02-29T12:00:00.0000000Z,wind_speed,4.854038292347114
2020-02-29T15:00:00.0000000Z,wind_speed,4.3906637866282905
2020-02-29T18:00:00.0000000Z,wind_speed,5.061560668217784
2020-02-29T21:00:00.0000000Z,wind_speed,4.178718169137775
2020-03-01T00:00:00.0000000Z,wind_speed,3.8377034553373126
2020-03-01T03:00:00.0000000Z,wind_speed,4.136588774200916
2020-03-01T06:00:00.0000000Z,wind_speed,4.448668804729412
2020-03-01T09:00:00.0000000Z,wind_speed,3.9543222854915423
2020-03-01T12:00:00.0000000Z,wind_speed,2.8600964998314544
2020-03-01T15:00:00.0000000Z,wind_speed,2.5774075282667424
2020-03-01T18:00:00.0000000Z,wind_speed,3.5738945991861204
2020-03-01T21:00:00.0000000Z,wind_speed,4.489296463487312
2020-03-02T00:00:00.0000000Z,wind_speed,5.322462645717772
2020-03-02T03:00:00.0000000Z,wind_speed,5.892812124983823
2020-03-02T06:00:00.0000000Z,wind_speed,6.411204281665661
2020-03-02T09:00:00.0000000Z,wind_speed,6.637468961167262
2020-03-02T12:00:00.0000000Z,wind_speed,6.459782225964377
2020-03-02T15:00:00.0000000Z,wind_speed,6.319285441247914
2020-03-02T18:00:00.0000000Z,wind_speed,6.581374155099663
2020-03-02T21:00:00.0000000Z,wind_speed,5.995160733210173
2020-03-03T00:00:00.0000000Z,wind_speed,4.964591213464878
2020-03-03T03:00:00.0000000Z,wind_speed,4.921526058077744
2020-03-03T06:00:00.0000000Z,wind_speed,5.201575013339067
2020-03-03T09:00:00.0000000Z,wind_speed,4.86147281315812
2020-03-03T12:00:00.0000000Z,wind_speed,4.704740438206812
2020-03-03T15:00:00.0000000Z,wind_speed,4.8533008185331346
2020-03-03T18:00:00.0000000Z,wind_speed,4.761949602726597
2020-03-03T21:00:00.0000000Z,wind_speed,4.265380823177064
2020-03-04T00:00:00.0000000Z,wind_speed,3.2844206895107626
2020-03-04T03:00:00.0000000Z,wind_speed,2.4047566854700158
2020-03-04T06:00:00.0000000Z,wind_speed,2.437248545226732
2020-03-04T09:00:00.0000000Z,wind_speed,2.021071933275619
2020-03-04T12:00:00.0000000Z,wind_speed,0.7888283805871709
2020-03-04T15:00:00.0000000Z,wind_speed,1.2098213351450475
2020-03-04T18:00:00.0000000Z,wind_speed,0.7441531927164706
2020-03-04T21:00:00.0000000Z,wind_speed,1.7147185293164322
2020-03-05T00:00:00.0000000Z,wind_speed,1.8355912014232207
2020-03-05T03:00:00.0000000Z,wind_speed,1.3520360616625715
2020-03-05T06:00:00.0000000Z,wind_speed,2.0475195992998065
2020-03-05T09:00:00.0000000Z,wind_speed,2.761962126019166
2020-03-05T12:00:00.0000000Z,wind_speed,2.2726547168591384
2020-03-05T15:00:00.0000000Z,wind_speed,2.13481689168106
2020-03-05T18:00:00.0000000Z,wind_speed,4.085060592107221
2020-03-05T21:00:00.0000000Z,wind_speed,4.549492246161529
2020-03-06T00:00:00.0000000Z,wind_speed,4.783186873547614
2020-03-06T03:00:00.0000000Z,wind_speed,4.466758971216958
2020-03-06T06:00:00.0000000Z,wind_speed,6.3078541462966475
2020-03-06T09:00:00.0000000Z,wind_speed,7.038925450042267
2020-03-06T12:00:00.0000000Z,wind_speed,7.860802610661857
2020-03-06T15:00:00.0000000Z,wind_speed,7.608630221723725
2020-03-06T18:00:00.0000000Z,wind_speed,8.460073631535767
2020-03-06T21:00:00.0000000Z,wind_speed,8.047139455099279
2020-03-07T00:00:00.0000000Z,wind_speed,6.862567426679108
2020-03-07T03:00:00.0000000Z,wind_speed,6.777970730604697
2020-03-07T06:00:00.0000000Z,wind_speed,7.168558589925367
2020-03-07T09:00:00.0000000Z,wind_speed,6.520391250846286
2020-03-07T12:00:00.0000000Z,wind_speed,5.976042482468597
2020-03-07T15:00:00.0000000Z,wind_speed,6.240051919656649
2020-03-07T18:00:00.0000000Z,wind_speed,6.193862487111071
2020-03-07T21:00:00.0000000Z,wind_speed,6.385464149712085
2020-03-08T00:00:00.0000000Z,wind_speed,6.524848804490114
2020-03-08T03:00:00.0000000Z,wind_speed,6.688092388947853
2020-03-08T06:00:00.0000000Z,wind_speed,6.598390748601727
2020-03-08T09:00:00.0000000Z,wind_speed,6.1166156225799995
2020-03-08T12:00:00.0000000Z,wind_speed,5.577760686063579
2020-03-08T15:00:00.0000000Z,wind_speed,5.257547603327012
2020-03-08T18:00:00.0000000Z,wind_speed,5.555875718084074
2020-03-08T21:00:00.0000000Z,wind_speed,4.905933594268596
2020-03-09T00:00:00.0000000Z,wind_speed,3.715835610156865
2020-03-09T03:00:00.0000000Z,wind_speed,3.427148726525897
2020-03-09T06:00:00.0000000Z,wind_speed,3.0803261264849615
2020-03-09T09:00:00.0000000Z,wind_speed,2.0535325922769676
2020-03-09T12:00:00.0000000Z,wind_speed,1.8167421714015095
2020-03-09T15:00:00.0000000Z,wind_speed,0.9432481400358301
2020-03-09T18:00:00.0000000Z,wind_speed,1.4140534701591378
2020-03-09T21:00:00.0000000Z,wind_speed,1.9708128858713188
2020-03-10T00:00:00.0000000Z,wind_speed,1.9246485403619444
2020-03-10T03:00:00.0000000Z,wind_speed,2.162440415161111
2020-03-10T06:00:00.0000000Z,wind_speed,2.6641899819111794
2020-03-10T09:00:00.0000000Z,wind_speed,3.098581835017118
2020-03-10T12:00:00.0000000Z,wind_speed,3.9124514987640895
2020-03-10T15:00:00.0000000Z,wind_speed,5.141010706776905
2020-03-10T18:00:00.0000000Z,wind_speed,4.892154981557012
2020-03-10T21:00:00.0000000Z,wind_speed,4.9600006822848615
2020-03-11T00:00:00.0000000Z,wind_speed,4.104986630356397
2020-03-11T03:00:00.0000000Z,wind_speed,4.446592617232031
2020-03-11T06:00:00.0000000Z,wind_speed,5.50074924435246
2020-03-11T09:00:00.0000000Z,wind_speed,5.706549890490558
2020-03-11T12:00:00.0000000Z,wind_speed,5.550871022460047
2020-03-11T15:00:00.0000000Z,wind_speed,5.268035755718784
2020-03-11T18:00:00.0000000Z,wind_speed,5.315804121735388
2020-03-11T21:00:00.0000000Z,wind_speed,5.455666812373542
2020-03-12T00:00:00.0000000Z,wind_speed,5.931678540004831
2020-03-12T03:00:00.0000000Z,wind_speed,6.454310225428899
2020-03-12T06:00:00.0000000Z,wind_speed,6.732951344013495
2020-03-12T09:00:00.0000000Z,wind_speed,6.66830071265899
2020-03-12T12:00:00.0000000Z,wind_speed,4.995887862970306
2020-03-12T15:00:00.0000000Z,wind_speed,4.044284645254771
2020-03-12T18:00:00.0000000Z,wind_speed,4.172021761789932
2020-03-12T21:00:00.0000000Z,wind_speed,4.525736850114521
2020-03-13T00:00:00.0000000Z,wind_speed,4.322247895135341
2020-03-13T03:00:00.0000000Z,wind_speed,5.77541322941709
2020-03-13T06:00:00.0000000Z,wind_speed,7.9605181488944305
2020-03-13T09:00:00.0000000Z,wind_speed,8.920513830804486
2020-03-13T12:00:00.0000000Z,wind_speed,8.424892330622543
2020-03-13T15:00:00.0000000Z,wind_speed,6.693316746538956
2020-03-13T18:00:00.0000000Z,wind_speed,6.603621157859868
2020-03-13T21:00:00.0000000Z,wind_speed,8.005858874904558
2020-03-14T00:00:00.0000000Z,wind_speed,7.039322340529865
2020-03-14T03:00:00.0000000Z,wind_speed,4.542550053525124
2020-03-14T06:00:00.0000000Z,wind_speed,4.429513872504748
2020-03-14T09:00:00.0000000Z,wind_speed,3.8946691544981293
2020-03-14T12:00:00.0000000Z,wind_speed,2.1873955034235597
2020-03-14T15:00:00.0000000Z,wind_speed,2.701420003899487
2020-03-14T18:00:00.0000000Z,wind_speed,2.3693414280515825
2020-03-14T21:00:00.0000000Z,wind_speed,2.6862855047658347
2020-03-15T00:00:00.0000000Z,wind_speed,2.534687557903481
2020-03-15T03:00:00.0000000Z,wind_speed,2.332245536357532
2020-03-15T06:00:00.0000000Z,wind_speed,3.603040229406281
2020-03-15T09:00:00.0000000Z,wind_speed,3.930176924872036
2020-03-15T12:00:00.0000000Z,wind_speed,3.5405313687381073
2020-03-15T15:00:00.0000000Z,wind_speed,2.84814484217547
2020-03-15T18:00:00.0000000Z,wind_speed,1.9506762082298108
2020-03-15T21:00:00.0000000Z,wind_speed,0.7479769518891091
2020-03-16T00:00:00.0000000Z,wind_speed,2.4183683478750804
2020-03-16T03:00:00.0000000Z,wind_speed,5.134750505876565
2020-03-16T06:00:00.0000000Z,wind_speed,6.871207669574032
2020-03-16T09:00:00.0000000Z,wind_speed,7.605973801189541
2020-03-16T12:00:00.0000000Z,wind_speed,4.4029551446831805
2020-03-16T15:00:00.0000000Z,wind_speed,3.278739766225769
2020-03-16T18:00:00.0000000Z,wind_speed,3.8500203674736926
2020-03-16T21:00:00.0000000Z,wind_speed,3.2664037055822446
2020-03-17T00:00:00.0000000Z,wind_speed,4.005968388036824
2020-03-17T03:00:00.0000000Z,wind_speed,5.088707318791762
2020-03-17T06:00:00.0000000Z,wind_speed,5.4928644115180765
2020-03-17T09:00:00.0000000Z,wind_speed,5.396788147569838
2020-03-17T12:00:00.0000000Z,wind_speed,4.954020499248962
2020-03-17T15:00:00.0000000Z,wind_speed,3.5791755469799935
2020-03-17T18:00:00.0000000Z,wind_speed,3.4149162795941317
2020-03-17T21:00:00.0000000Z,wind_speed,2.9906179682110774
2020-03-18T00:00:00.0000000Z,wind_speed,2.8204990846259337
2020-03-18T03:00:00.0000000Z,wind_speed,3.247976352849949
2020-03-18T06:00:00.0000000Z,wind_speed,4.622099231834857
2020-03-18T09:00:00.0000000Z,wind_speed,5.548450089044481
2020-03-18T12:00:00.0000000Z,wind_speed,5.1095974799229875
2020-03-18T15:00:00.0000000Z,wind_speed,4.9090480426014125
2020-03-18T18:00:00.0000000Z,wind_speed,5.0831768990062445
2020-03-18T21:00:00.0000000Z,wind_speed,5.7426679921974415
2020-03-19T00:00:00.0000000Z,wind_speed,5.989223217934301
2020-03-19T03:00:00.0000000Z,wind_speed,6.542811338579064
2020-03-19T06:00:00.0000000Z,wind_speed,7.906868109779266
2020-03-19T09:00:00.0000000Z,wind_speed,8.190660056714382
2020-03-19T12:00:00.0000000Z,wind_speed,6.452010128383179
2020-03-19T15:00:00.0000000Z,wind_speed,5.684232797020513
2020-03-19T18:00:00.0000000Z,wind_speed,4.924012064670755
2020-03-19T21:00:00.0000000Z,wind_speed,3.3213925688072528
2020-03-20T00:00:00.0000000Z,wind_speed,2.8595738677993863
2020-03-20T03:00:00.0000000Z,wind_speed,3.310750465190202
2020-03-20T06:00:00.0000000Z,wind_speed,4.404104931876519
2020-03-20T09:00:00.0000000Z,wind_speed,5.1943571410286635
2020-03-20T12:00:00.0000000Z,wind_speed,5.622688275815847
2020-03-20T15:00:00.0000000Z,wind_speed,3.739410979521668
2020-03-20T18:00:00.0000000Z,wind_speed,3.78875882531646
2020-03-20T21:00:00.0000000Z,wind_speed,3.6206013803350965
2020-03-21T00:00:00.0000000Z,wind_speed,3.7199165223703017
2020-03-21T03:00:00.0000000Z,wind_speed,3.568571838014252
2020-03-21T06:00:00.0000000Z,wind_speed,5.061880623097617
2020-03-21T09:00:00.0000000Z,wind_speed,4.625596863336291
2020-03-21T12:00:00.0000000Z,wind_speed,4.901000666752095
2020-03-21T15:00:00.0000000Z,wind_speed,3.5910656705802304
2020-03-21T18:00:00.0000000Z,wind_speed,2.9801833577833445
2020-03-21T21:00:00.0000000Z,wind_speed,3.131552692174533
2020-03-22T00:00:00.0000000Z,wind_speed,2.9590306980674743
2020-03-22T03:00:00.0000000Z,wind_speed,3.355326081128097
2020-03-22T06:00:00.0000000Z,wind_speed,4.718737654915476
2020-03-22T09:00:00.0000000Z,wind_speed,5.326661756337784
2020-03-22T12:00:00.0000000Z,wind_speed,5.5408357289298475
2020-03-22T15:00:00.0000000Z,wind_speed,5.482868699863247
2020-03-22T18:00:00.0000000Z,wind_speed,6.590836580443561
2020-03-22T21:00:00.0000000Z,wind_speed,6.698259888772004
2020-03-23T00:00:00.0000000Z,wind_speed,6.59871828917818
2020-03-23T03:00:00.0000000Z,wind_speed,7.01052671946107
2020-03-23T06:00:00.0000000Z,wind_speed,8.36586485109791
2020-03-23T09:00:00.0000000Z,wind_speed,8.53000265134824
2020-03-23T12:00:00.0000000Z,wind_speed,9.061218438817066
2020-03-23T15:00:00.0000000Z,wind_speed,6.341021752864
2020-03-23T18:00:00.0000000Z,wind_speed,6.317726202751323
2020-03-23T21:00:00.0000000Z,wind_speed,2.665773189893746
2020-03-24T00:00:00.0000000Z,wind_speed,2.3760598541873907
2020-03-24T03:00:00.0000000Z,wind_speed,3.178268955704325
2020-03-24T06:00:00.0000000Z,wind_speed,4.194686298613984
2020-03-24T09:00:00.0000000Z,wind_speed,4.342965383183434
2020-03-24T12:00:00.0000000Z,wind_speed,3.938797130616269
2020-03-24T15:00:00.0000000Z,wind_speed,1.924843193564406
2020-03-24T18:00:00.0000000Z,wind_speed,2.431006855691699
2020-03-24T21:00:00.0000000Z,wind_speed,2.815931616001003
2020-03-25T00:00:00.0000000Z,wind_speed,2.5762348244403026
2020-03-25T03:00:00.0000000Z,wind_speed,2.56773284602197
2020-03-25T06:00:00.0000000Z,wind_speed,2.3282943239917278
2020-03-25T09:00:00.0000000Z,wind_speed,2.496857832830126
2020-03-25T12:00:00.0000000Z,wind_speed,2.9320199221319947
2020-03-25T15:00:00.0000000Z,wind_speed,2.8815179631481866
2020-03-25T18:00:00.0000000Z,wind_speed,3.3581926818737617
2020-03-25T21:00:00.0000000Z,wind_speed,3.844661136608092
2020-03-26T00:00:00.0000000Z,wind_speed,4.228057887821766
2020-03-26T03:00:00.0000000Z,wind_speed,4.399929518895909
2020-03-26T06:00:00.0000000Z,wind_speed,4.743243895699981
2020-03-26T09:00:00.0000000Z,wind_speed,4.786459396846258
2020-03-26T12:00:00.0000000Z,wind_speed,4.039817763948876
2020-03-26T15:00:00.0000000Z,wind_speed,3.571597625013526
2020-03-26T18:00:00.0000000Z,wind_speed,3.191308641436078
2020-03-26T21:00:00.0000000Z,wind_speed,2.9928782439609156
2020-03-27T00:00:00.0000000Z,wind_speed,2.977203950946388
2020-03-27T03:00:00.0000000Z,wind_speed,2.5405711579726615
2020-03-27T06:00:00.0000000Z,wind_speed,2.991566498377208
2020-03-27T09:00:00.0000000Z,wind_speed,2.7928979568680505
2020-03-27T12:00:00.0000000Z,wind_speed,2.079542282522713
2020-03-27T15:00:00.0000000Z,wind_speed,1.109647901354089
2020-03-27T18:00:00.0000000Z,wind_speed,1.1125620677458348
2020-03-27T21:00:00.0000000Z,wind_speed,1.9540617170192414
2020-03-28T00:00:00.0000000Z,wind_speed,2.247319230177199
2020-03-28T03:00:00.0000000Z,wind_speed,2.380555456023252
2020-03-28T06:00:00.0000000Z,wind_speed,1.9851764094656088
2020-03-28T09:00:00.0000000Z,wind_speed,2.1187400760243187
2020-03-28T12:00:00.0000000Z,wind_speed,2.2343455656905404
2020-03-28T15:00:00.0000000Z,wind_speed,3.7577875561223286
2020-03-28T18:00:00.0000000Z,wind_speed,3.3487525755610656
2020-03-28T21:00:00.0000000Z,wind_speed,2.5167106040067653
2020-03-29T00:00:00.0000000Z,wind_speed,2.4506471587332324
2020-03-29T03:00:00.0000000Z,wind_speed,2.6788561402726003
2020-03-29T06:00:00.0000000Z,wind_speed,3.7449372980257762
2020-03-29T09:00:00.0000000Z,wind_speed,4.403508665688326
2020-03-29T12:00:00.0000000Z,wind_speed,3.8459207935877435
2020-03-29T15:00:00.0000000Z,wind_speed,4.077909570265506
2020-03-29T18:00:00.0000000Z,wind_speed,3.686242244639873
2020-03-29T21:00:00.0000000Z,wind_speed,3.1043783628846713
2020-03-30T00:00:00.0000000Z,wind_speed,3.701644027927507
2020-03-30T03:00:00.0000000Z,wind_speed,4.451073298629667
2020-03-30T06:00:00.0000000Z,wind_speed,4.8774344206527225
2020-03-30T09:00:00.0000000Z,wind_speed,5.360200270669937
2020-03-30T12:00:00.0000000Z,wind_speed,4.59576037693603
2020-03-30T15:00:00.0000000Z,wind_speed,4.173687300825419
2020-03-30T18:00:00.0000000Z,wind_speed,3.752910171220137
2020-03-30T21:00:00.0000000Z,wind_speed,3.335326689298716
2020-03-31T00:00:00.0000000Z,wind_speed,3.2383914560782507
2020-03-31T03:00:00.0000000Z,wind_speed,3.500440580471096
2020-03-31T06:00:00.0000000Z,wind_speed,4.6641637604327615
2020-03-31T09:00:00.0000000Z,wind_speed,5.031058550666934
2020-03-31T12:00:00.0000000Z,wind_speed,4.17803290258701
2020-03-31T15:00:00.0000000Z,wind_speed,3.4508013479260424
2020-03-31T18:00:00.0000000Z,wind_speed,2.1970869105237485
2020-03-31T21:00:00.0000000Z,wind_speed,4.39593328124921
2020-04-01T00:00:00.0000000Z,wind_speed,6.202707912790319
2020-04-01T03:00:00.0000000Z,wind_speed,5.810599003236661
2020-04-01T06:00:00.0000000Z,wind_speed,6.2472083733725245
2020-04-01T09:00:00.0000000Z,wind_speed,6.082552416624224
2020-04-01T12:00:00.0000000Z,wind_speed,5.370334780517474
2020-04-01T15:00:00.0000000Z,wind_speed,3.951721278858127
2020-04-01T18:00:00.0000000Z,wind_speed,2.991885748362706
2020-04-01T21:00:00.0000000Z,wind_speed,4.172758677084856
2020-04-02T00:00:00.0000000Z,wind_speed,5.044903657432178
2020-04-02T03:00:00.0000000Z,wind_speed,5.433766415322384
2020-04-02T06:00:00.0000000Z,wind_speed,6.701524126620839
2020-04-02T09:00:00.0000000Z,wind_speed,7.374487345762045
2020-04-02T12:00:00.0000000Z,wind_speed,5.317965540087404
2020-04-02T15:00:00.0000000Z,wind_speed,3.833875148615819
2020-04-02T18:00:00.0000000Z,wind_speed,3.675542774026666
2020-04-02T21:00:00.0000000Z,wind_speed,3.9871236439618825
2020-04-03T00:00:00.0000000Z,wind_speed,3.928958618967457
2020-04-03T03:00:00.0000000Z,wind_speed,3.750346723366108
2020-04-03T06:00:00.0000000Z,wind_speed,3.759852857967048
2020-04-03T09:00:00.0000000Z,wind_speed,4.139251262627118
2020-04-03T12:00:00.0000000Z,wind_speed,3.82957742279777
2020-04-03T15:00:00.0000000Z,wind_speed,2.9834771132600864
2020-04-03T18:00:00.0000000Z,wind_speed,3.0625198722267344
2020-04-03T21:00:00.0000000Z,wind_speed,2.8664637320632997
2020-04-04T00:00:00.0000000Z,wind_speed,3.567891951430016
2020-04-04T03:00:00.0000000Z,wind_speed,3.3696793274545405
2020-04-04T06:00:00.0000000Z,wind_speed,3.814495039570561
2020-04-04T09:00:00.0000000Z,wind_speed,4.071352558976948
2020-04-04T12:00:00.0000000Z,wind_speed,3.346089184236538
2020-04-04T15:00:00.0000000Z,wind_speed,3.08494525012089
2020-04-04T18:00:00.0000000Z,wind_speed,3.024921730352929
2020-04-04T21:00:00.0000000Z,wind_speed,2.816729059675159
2020-04-05T00:00:00.0000000Z,wind_speed,3.408421654994304
2020-04-05T03:00:00.0000000Z,wind_speed,4.375905080602972
2020-04-05T06:00:00.0000000Z,wind_speed,4.6772346912548874
2020-04-05T09:00:00.0000000Z,wind_speed,5.55715057633608
2020-04-05T12:00:00.0000000Z,wind_speed,4.70420138884315
2020-04-05T15:00:00.0000000Z,wind_speed,2.0450139400908083
2020-04-05T18:00:00.0000000Z,wind_speed,2.001463098648481
2020-04-05T21:00:00.0000000Z,wind_speed,2.237407770489527
2020-04-06T00:00:00.0000000Z,wind_speed,1.9266556521575144
2020-04-06T03:00:00.0000000Z,wind_speed,3.4017168895986627
2020-04-06T06:00:00.0000000Z,wind_speed,5.682440600348386
2020-04-06T09:00:00.0000000Z,wind_speed,5.940019247894739
2020-04-06T12:00:00.0000000Z,wind_speed,7.710028834983611
2020-04-06T15:00:00.0000000Z,wind_speed,7.144092800327908
2020-04-06T18:00:00.0000000Z,wind_speed,6.4434465553809686
2020-04-06T21:00:00.0000000Z,wind_speed,6.460086224024404
2020-04-07T00:00:00.0000000Z,wind_speed,6.639163201418763
2020-04-07T03:00:00.0000000Z,wind_speed,5.888895029695359
2020-04-07T06:00:00.0000000Z,wind_speed,6.597135081577047
2020-04-07T09:00:00.0000000Z,wind_speed,6.024139443570961
2020-04-07T12:00:00.0000000Z,wind_speed,7.939465944684573
2020-04-07T15:00:00.0000000Z,wind_speed,5.580881437627209
2020-04-07T18:00:00.0000000Z,wind_speed,3.84488992828282
2020-04-07T21:00:00.0000000Z,wind_speed,3.9954450267010446
2020-04-08T00:00:00.0000000Z,wind_speed,3.62743416750318
2020-04-08T03:00:00.0000000Z,wind_speed,3.0294834931621177
2020-04-08T06:00:00.0000000Z,wind_speed,2.6541049885663046
2020-04-08T09:00:00.0000000Z,wind_speed,3.0909614150927345
2020-04-08T12:00:00.0000000Z,wind_speed,2.7372085780690285
2020-04-08T15:00:00.0000000Z,wind_speed,3.0893775585517984
2020-04-08T18:00:00.0000000Z,wind_speed,2.0794586966814754
2020-04-08T21:00:00.0000000Z,wind_speed,2.3844310843913656
2020-04-09T00:00:00.0000000Z,wind_speed,2.5719647619350936
2020-04-09T03:00:00.0000000Z,wind_speed,2.7689040515328283
2020-04-09T06:00:00.0000000Z,wind_speed,2.4080016417725676
2020-04-09T09:00:00.0000000Z,wind_speed,1.3557141798823733
2020-04-09T12:00:00.0000000Z,wind_speed,1.5616348392007962
2020-04-09T15:00:00.0000000Z,wind_speed,2.8673420921199146
2020-04-09T18:00:00.0000000Z,wind_speed,3.812687179150957
2020-04-09T21:00:00.0000000Z,wind_speed,4.927965680791448
2020-04-10T00:00:00.0000000Z,wind_speed,5.2582256547251625
2020-04-10T03:00:00.0000000Z,wind_speed,6.319055331234615
2020-04-10T06:00:00.0000000Z,wind_speed,7.32381518870014
2020-04-10T09:00:00.0000000Z,wind_speed,8.723691496685907
2020-04-10T12:00:00.0000000Z,wind_speed,8.111715450056689
2020-04-10T15:00:00.0000000Z,wind_speed,7.0422038602726875
2020-04-10T18:00:00.0000000Z,wind_speed,6.7248892124554995
2020-04-10T21:00:00.0000000Z,wind_speed,6.570174470028624
2020-04-11T00:00:00.0000000Z,wind_speed,6.582927950652607
2020-04-11T03:00:00.0000000Z,wind_speed,6.34950161967184
2020-04-11T06:00:00.0000000Z,wind_speed,6.634406265150034
2020-04-11T09:00:00.0000000Z,wind_speed,7.018352551904489
2020-04-11T12:00:00.0000000Z,wind_speed,5.9857483639015685
2020-04-11T15:00:00.0000000Z,wind_speed,2.990313789193894
2020-04-11T18:00:00.0000000Z,wind_speed,1.665785312151353
2020-04-11T21:00:00.0000000Z,wind_speed,1.8593748260139424
2020-04-12T00:00:00.0000000Z,wind_speed,2.0052156347143617
2020-04-12T03:00:00.0000000Z,wind_speed,2.474081685960252
2020-04-12T06:00:00.0000000Z,wind_speed,4.640109076298763
2020-04-12T09:00:00.0000000Z,wind_speed,6.043731007106489
2020-04-12T12:00:00.0000000Z,wind_speed,7.351359895061959
2020-04-12T15:00:00.0000000Z,wind_speed,7.483691522627531
2020-04-12T18:00:00.0000000Z,wind_speed,8.071950232227056
2020-04-12T21:00:00.0000000Z,wind_speed,7.3783243631826245
2020-04-13T00:00:00.0000000Z,wind_speed,7.450110636413052
2020-04-13T03:00:00.0000000Z,wind_speed,7.36930441175406
2020-04-13T06:00:00.0000000Z,wind_speed,7.345129669420919
2020-04-13T09:00:00.0000000Z,wind_speed,6.96362612601463
2020-04-13T12:00:00.0000000Z,wind_speed,5.498880985489878
2020-04-13T15:00:00.0000000Z,wind_speed,3.346590663058594
2020-04-13T18:00:00.0000000Z,wind_speed,3.485172477546294
2020-04-13T21:00:00.0000000Z,wind_speed,2.5566724144585256
2020-04-14T00:00:00.0000000Z,wind_speed,2.9405693119176806
2020-04-14T03:00:00.0000000Z,wind_speed,2.427363512713094
2020-04-14T06:00:00.0000000Z,wind_speed,3.380423099568726
2020-04-14T09:00:00.0000000Z,wind_speed,3.719840353186391
2020-04-14T12:00:00.0000000Z,wind_speed,4.582107551786395
2020-04-14T15:00:00.0000000Z,wind_speed,4.4914591529432215
2020-04-14T18:00:00.0000000Z,wind_speed,4.438436550234794
2020-04-14T21:00:00.0000000Z,wind_speed,4.413100309016703
2020-04-15T00:00:00.0000000Z,wind_speed,3.780088203807201
2020-04-15T03:00:00.0000000Z,wind_speed,3.9975638684908157
2020-04-15T06:00:00.0000000Z,wind_speed,5.497564764501066
2020-04-15T09:00:00.0000000Z,wind_speed,8.30074246870506
2020-04-15T12:00:00.0000000Z,wind_speed,8.417479180780905
2020-04-15T15:00:00.0000000Z,wind_speed,8.339548533333652
2020-04-15T18:00:00.0000000Z,wind_speed,8.309098872765325
2020-04-15T21:00:00.0000000Z,wind_speed,6.131482316903043
2020-04-16T00:00:00.0000000Z,wind_speed,5.230404331001094
2020-04-16T03:00:00.0000000Z,wind_speed,4.567744177735865
2020-04-16T06:00:00.0000000Z,wind_speed,6.601045050806905
2020-04-16T09:00:00.0000000Z,wind_speed,7.600774764884941
2020-04-16T12:00:00.0000000Z,wind_speed,7.080713314054153
2020-04-16T15:00:00.0000000Z,wind_speed,6.264658755015935
2020-04-16T18:00:00.0000000Z,wind_speed,6.2204853412546175
2020-04-16T21:00:00.0000000Z,wind_speed,6.484901646830455
2020-04-17T00:00:00.0000000Z,wind_speed,7.178106712033307
2020-04-17T03:00:00.0000000Z,wind_speed,6.73476030898874
2020-04-17T06:00:00.0000000Z,wind_speed,4.922800103535607
2020-04-17T09:00:00.0000000Z,wind_speed,6.416627403864648
2020-04-17T12:00:00.0000000Z,wind_speed,5.790850431914977
2020-04-17T15:00:00.0000000Z,wind_speed,6.224367518573332
2020-04-17T18:00:00.0000000Z,wind_speed,5.837887066113351
2020-04-17T21:00:00.0000000Z,wind_speed,4.928814219049376
2020-04-18T00:00:00.0000000Z,wind_speed,5.131266370459877
2020-04-18T03:00:00.0000000Z,wind_speed,4.414651914443031
2020-04-18T06:00:00.0000000Z,wind_speed,5.047941026895845
2020-04-18T09:00:00.0000000Z,wind_speed,4.864539908647999
2020-04-18T12:00:00.0000000Z,wind_speed,5.313958283012256
2020-04-18T15:00:00.0000000Z,wind_speed,3.3811875172141015
2020-04-18T18:00:00.0000000Z,wind_speed,3.452908234404773
2020-04-18T21:00:00.0000000Z,wind_speed,3.557134925555272
2020-04-19T00:00:00.0000000Z,wind_speed,3.8077875515228556
2020-04-19T03:00:00.0000000Z,wind_speed,3.65317245145887
2020-04-19T06:00:00.0000000Z,wind_speed,4.383729815547913
2020-04-19T09:00:00.0000000Z,wind_speed,4.068502487369325
2020-04-19T12:00:00.0000000Z,wind_speed,3.3483880117254063
2020-04-19T15:00:00.0000000Z,wind_speed,2.0420715477921663
2020-04-19T18:00:00.0000000Z,wind_speed,2.06887079955506
2020-04-19T21:00:00.0000000Z,wind_speed,2.179671144118918
2020-04-20T00:00:00.0000000Z,wind_speed,1.7852691474927473
2020-04-20T03:00:00.0000000Z,wind_speed,1.5271172656855148
2020-04-20T06:00:00.0000000Z,wind_speed,1.8627599933252716
2020-04-20T09:00:00.0000000Z,wind_speed,2.7606934810925066
2020-04-20T12:00:00.0000000Z,wind_speed,2.898262307566235
2020-04-20T15:00:00.0000000Z,wind_speed,1.908723351771578
2020-04-20T18:00:00.0000000Z,wind_speed,2.83386007884427
2020-04-20T21:00:00.0000000Z,wind_speed,5.40963031484595
2020-04-21T00:00:00.0000000Z,wind_speed,6.998291606247487
2020-04-21T03:00:00.0000000Z,wind_speed,7.742640447503202
2020-04-21T06:00:00.0000000Z,wind_speed,4.615915595636893
2020-04-21T09:00:00.0000000Z,wind_speed,5.672617522938742
2020-04-21T12:00:00.0000000Z,wind_speed,5.257997956839049
2020-04-21T15:00:00.0000000Z,wind_speed,3.8373744742440046
2020-04-21T18:00:00.0000000Z,wind_speed,3.7780787808563754
2020-04-21T21:00:00.0000000Z,wind_speed,3.6720256327246217
2020-04-22T00:00:00.0000000Z,wind_speed,3.038743515152744
2020-04-22T03:00:00.0000000Z,wind_speed,2.713236424023245
2020-04-22T06:00:00.0000000Z,wind_speed,2.0146948734498547
2020-04-22T09:00:00.0000000Z,wind_speed,4.372050870680056
2020-04-22T12:00:00.0000000Z,wind_speed,6.152459219208695
2020-04-22T15:00:00.0000000Z,wind_speed,8.109522892564623
2020-04-22T18:00:00.0000000Z,wind_speed,7.852153958720361
2020-04-22T21:00:00.0000000Z,wind_speed,8.12479010403568
2020-04-23T00:00:00.0000000Z,wind_speed,6.614392180023839
2020-04-23T03:00:00.0000000Z,wind_speed,5.853529536229448
2020-04-23T06:00:00.0000000Z,wind_speed,6.2605936547015855
2020-04-23T09:00:00.0000000Z,wind_speed,6.14028551957842
2020-04-23T12:00:00.0000000Z,wind_speed,4.397296092758643
2020-04-23T15:00:00.0000000Z,wind_speed,4.995293602175144
2020-04-23T18:00:00.0000000Z,wind_speed,3.6506597247731767
2020-04-23T21:00:00.0000000Z,wind_speed,3.3583450333494125
2020-04-24T00:00:00.0000000Z,wind_speed,2.329344112266392
2020-04-24T03:00:00.0000000Z,wind_speed,3.0230097698759204
2020-04-24T06:00:00.0000000Z,wind_speed,3.4988738942168007
2020-04-24T09:00:00.0000000Z,wind_speed,3.9800144337656462
2020-04-24T12:00:00.0000000Z,wind_speed,5.015747137341652
2020-04-24T15:00:00.0000000Z,wind_speed,2.0818240482242
2020-04-24T18:00:00.0000000Z,wind_speed,1.9604456272199986
2020-04-24T21:00:00.0000000Z,wind_speed,4.093576095872892
2020-04-25T00:00:00.0000000Z,wind_speed,5.384258969882898
2020-04-25T03:00:00.0000000Z,wind_speed,5.8516825566346276
2020-04-25T06:00:00.0000000Z,wind_speed,5.657619083956152
2020-04-25T09:00:00.0000000Z,wind_speed,7.881958561915525
2020-04-25T12:00:00.0000000Z,wind_speed,6.518529347857697
2020-04-25T15:00:00.0000000Z,wind_speed,2.285850532926338
2020-04-25T18:00:00.0000000Z,wind_speed,4.181108725061313
2020-04-25T21:00:00.0000000Z,wind_speed,6.020130938434904
2020-04-26T00:00:00.0000000Z,wind_speed,6.296031555884404
2020-04-26T03:00:00.0000000Z,wind_speed,6.481663428851008
2020-04-26T06:00:00.0000000Z,wind_speed,6.7088605056851325
2020-04-26T09:00:00.0000000Z,wind_speed,7.580326506397523
2020-04-26T12:00:00.0000000Z,wind_speed,7.058781796005507
2020-04-26T15:00:00.0000000Z,wind_speed,4.508779848118835
2020-04-26T18:00:00.0000000Z,wind_speed,4.504871921664783
2020-04-26T21:00:00.0000000Z,wind_speed,4.313435168294347
2020-04-27T00:00:00.0000000Z,wind_speed,4.083309454608134
2020-04-27T03:00:00.0000000Z,wind_speed,3.72365202090254
2020-04-27T06:00:00.0000000Z,wind_speed,3.1729003943339724
2020-04-27T09:00:00.0000000Z,wind_speed,3.3165866994882465
2020-04-27T12:00:00.0000000Z,wind_speed,2.601492232130326
2020-04-27T15:00:00.0000000Z,wind_speed,3.215351658651812
2020-04-27T18:00:00.0000000Z,wind_speed,3.650074358913551
2020-04-27T21:00:00.0000000Z,wind_speed,3.194352529631859
2020-04-28T00:00:00.0000000Z,wind_speed,2.464670919136517
2020-04-28T03:00:00.0000000Z,wind_speed,2.6958456705558
2020-04-28T06:00:00.0000000Z,wind_speed,3.134328978482493
2020-04-28T09:00:00.0000000Z,wind_speed,6.538414462794056
2020-04-28T12:00:00.0000000Z,wind_speed,7.605636883548331
2020-04-28T15:00:00.0000000Z,wind_speed,6.405604712137615
2020-04-28T18:00:00.0000000Z,wind_speed,4.4914172517653626
2020-04-28T21:00:00.0000000Z,wind_speed,4.759908940500293
2020-04-29T00:00:00.0000000Z,wind_speed,4.718056764102561
2020-04-29T03:00:00.0000000Z,wind_speed,4.403522643161602
2020-04-29T06:00:00.0000000Z,wind_speed,4.895709774363362
2020-04-29T09:00:00.0000000Z,wind_speed,5.6344547616189935
2020-04-29T12:00:00.0000000Z,wind_speed,5.814879843003947
2020-04-29T15:00:00.0000000Z,wind_speed,6.6806230551886205
2020-04-29T18:00:00.0000000Z,wind_speed,8.139514557562695
2020-04-29T21:00:00.0000000Z,wind_speed,5.371103110175045
2020-04-30T00:00:00.0000000Z,wind_speed,4.963818398513863
2020-04-30T03:00:00.0000000Z,wind_speed,4.379500157304658
2020-04-30T06:00:00.0000000Z,wind_speed,4.338652191676602
2020-04-30T09:00:00.0000000Z,wind_speed,7.055190968609305
2020-04-30T12:00:00.0000000Z,wind_speed,6.402668356794143
2020-04-30T15:00:00.0000000Z,wind_speed,4.053984094390242
2020-04-30T18:00:00.0000000Z,wind_speed,2.248409658904432
2020-04-30T21:00:00.0000000Z,wind_speed,1.6575557195227966
2020-05-01T00:00:00.0000000Z,wind_speed,1.4567859677030626
2020-05-01T03:00:00.0000000Z,wind_speed,2.8311216941042603
2020-05-01T06:00:00.0000000Z,wind_speed,3.9176569417664178
2020-05-01T09:00:00.0000000Z,wind_speed,3.715069567788616
2020-05-01T12:00:00.0000000Z,wind_speed,2.143147804614471
2020-05-01T15:00:00.0000000Z,wind_speed,5.615814981045187
2020-05-01T18:00:00.0000000Z,wind_speed,6.122097604492527
2020-05-01T21:00:00.0000000Z,wind_speed,5.509096891721462
2020-05-02T00:00:00.0000000Z,wind_speed,5.246503209531002
2020-05-02T03:00:00.0000000Z,wind_speed,5.400401637618035
2020-05-02T06:00:00.0000000Z,wind_speed,5.626905139544837
2020-05-02T09:00:00.0000000Z,wind_speed,4.818984183898198
2020-05-02T12:00:00.0000000Z,wind_speed,4.072249986921304
2020-05-02T15:00:00.0000000Z,wind_speed,3.1871466828870356
2020-05-02T18:00:00.0000000Z,wind_speed,2.1847520279711
2020-05-02T21:00:00.0000000Z,wind_speed,2.2242703050553865
2020-05-03T00:00:00.0000000Z,wind_speed,2.3109813278411577
2020-05-03T03:00:00.0000000Z,wind_speed,2.379291458865969
2020-05-03T06:00:00.0000000Z,wind_speed,3.084572990180517
2020-05-03T09:00:00.0000000Z,wind_speed,3.1164195348814836
2020-05-03T12:00:00.0000000Z,wind_speed,3.106108576472808
2020-05-03T15:00:00.0000000Z,wind_speed,1.7068090609666813
2020-05-03T18:00:00.0000000Z,wind_speed,2.6805078200947916
2020-05-03T21:00:00.0000000Z,wind_speed,2.4858175437620624
2020-05-04T00:00:00.0000000Z,wind_speed,2.533573830673369
2020-05-04T03:00:00.0000000Z,wind_speed,3.174734483200277
2020-05-04T06:00:00.0000000Z,wind_speed,3.7897714539690943
2020-05-04T09:00:00.0000000Z,wind_speed,4.022825202638918
2020-05-04T12:00:00.0000000Z,wind_speed,3.680006314208418
2020-05-04T15:00:00.0000000Z,wind_speed,2.621052790583721
2020-05-04T18:00:00.0000000Z,wind_speed,2.8450031682482
2020-05-04T21:00:00.0000000Z,wind_speed,2.7860877478575587
2020-05-05T00:00:00.0000000Z,wind_speed,3.615087701078715
2020-05-05T03:00:00.0000000Z,wind_speed,4.846635450188444
2020-05-05T06:00:00.0000000Z,wind_speed,5.8853884055993255
2020-05-05T09:00:00.0000000Z,wind_speed,5.95541626854742
2020-05-05T12:00:00.0000000Z,wind_speed,5.559789897814802
2020-05-05T15:00:00.0000000Z,wind_speed,4.642442627520049
2020-05-05T18:00:00.0000000Z,wind_speed,4.428228411874416
2020-05-05T21:00:00.0000000Z,wind_speed,4.738087894436464
2020-05-06T00:00:00.0000000Z,wind_speed,4.616294342140778
2020-05-06T03:00:00.0000000Z,wind_speed,5.548943678886361
2020-05-06T06:00:00.0000000Z,wind_speed,5.977729002929506
2020-05-06T09:00:00.0000000Z,wind_speed,5.239286324285881
2020-05-06T12:00:00.0000000Z,wind_speed,6.34280396728982
2020-05-06T15:00:00.0000000Z,wind_speed,6.130966638289819
2020-05-06T18:00:00.0000000Z,wind_speed,4.147193227552917
2020-05-06T21:00:00.0000000Z,wind_speed,3.1617695147613145
2020-05-07T00:00:00.0000000Z,wind_speed,3.769408728552876
2020-05-07T03:00:00.0000000Z,wind_speed,4.167252906537342
2020-05-07T06:00:00.0000000Z,wind_speed,4.976709977622314
2020-05-07T09:00:00.0000000Z,wind_speed,5.461154731032561
2020-05-07T12:00:00.0000000Z,wind_speed,4.220602777383031
2020-05-07T15:00:00.0000000Z,wind_speed,4.899776508206349
2020-05-07T18:00:00.0000000Z,wind_speed,2.0523379025302333
2020-05-07T21:00:00.0000000Z,wind_speed,2.3246738223957926
2020-05-08T00:00:00.0000000Z,wind_speed,2.068620411662028
2020-05-08T03:00:00.0000000Z,wind_speed,1.6686285526786673
2020-05-08T06:00:00.0000000Z,wind_speed,3.1708494827926508
2020-05-08T09:00:00.0000000Z,wind_speed,4.131217100456092
2020-05-08T12:00:00.0000000Z,wind_speed,4.471003697532004
2020-05-08T15:00:00.0000000Z,wind_speed,3.195687241803207
2020-05-08T18:00:00.0000000Z,wind_speed,2.549938144083186
2020-05-08T21:00:00.0000000Z,wind_speed,2.3275840614607457
2020-05-09T00:00:00.0000000Z,wind_speed,1.55595130903285
2020-05-09T03:00:00.0000000Z,wind_speed,2.2543138582750526
2020-05-09T06:00:00.0000000Z,wind_speed,3.645826105516406
2020-05-09T09:00:00.0000000Z,wind_speed,3.3179738607557168
2020-05-09T12:00:00.0000000Z,wind_speed,1.1880579517178498
2020-05-09T15:00:00.0000000Z,wind_speed,2.3826296192172953
2020-05-09T18:00:00.0000000Z,wind_speed,2.5199126746570593
2020-05-09T21:00:00.0000000Z,wind_speed,4.737861550323294
2020-05-10T00:00:00.0000000Z,wind_speed,5.969145261558071
2020-05-10T03:00:00.0000000Z,wind_speed,5.914446409382785
2020-05-10T06:00:00.0000000Z,wind_speed,6.534347961446996
2020-05-10T09:00:00.0000000Z,wind_speed,6.0234962019650595
2020-05-10T12:00:00.0000000Z,wind_speed,5.295635146711076
2020-05-10T15:00:00.0000000Z,wind_speed,4.2106996974736095
2020-05-10T18:00:00.0000000Z,wind_speed,3.495059016849216
2020-05-10T21:00:00.0000000Z,wind_speed,2.8251261741385285
2020-05-11T00:00:00.0000000Z,wind_speed,3.2009956388341436
2020-05-11T03:00:00.0000000Z,wind_speed,3.35898195208207
2020-05-11T06:00:00.0000000Z,wind_speed,3.997795602206254
2020-05-11T09:00:00.0000000Z,wind_speed,4.050088114472792
2020-05-11T12:00:00.0000000Z,wind_speed,3.2477183254856037
2020-05-11T15:00:00.0000000Z,wind_speed,1.6084527139417566
2020-05-11T18:00:00.0000000Z,wind_speed,1.141761012937077
2020-05-11T21:00:00.0000000Z,wind_speed,1.7105321671626128
2020-05-12T00:00:00.0000000Z,wind_speed,2.2005154477814153
2020-05-12T03:00:00.0000000Z,wind_speed,2.8108138598858265
2020-05-12T06:00:00.0000000Z,wind_speed,2.876493370806721
2020-05-12T09:00:00.0000000Z,wind_speed,2.207781524664538
2020-05-12T12:00:00.0000000Z,wind_speed,2.8255512713772832
2020-05-12T15:00:00.0000000Z,wind_speed,2.334009969777763
2020-05-12T18:00:00.0000000Z,wind_speed,3.4863681862698375
2020-05-12T21:00:00.0000000Z,wind_speed,4.07664506138712
2020-05-13T00:00:00.0000000Z,wind_speed,5.272210170706284
2020-05-13T03:00:00.0000000Z,wind_speed,5.439320785375449
2020-05-13T06:00:00.0000000Z,wind_speed,5.507017407480495
2020-05-13T09:00:00.0000000Z,wind_speed,6.8047042648786595
2020-05-13T12:00:00.0000000Z,wind_speed,5.903840576597234
2020-05-13T15:00:00.0000000Z,wind_speed,7.133046343099268
2020-05-13T18:00:00.0000000Z,wind_speed,6.074909667635124
2020-05-13T21:00:00.0000000Z,wind_speed,5.712263529538078
2020-05-14T00:00:00.0000000Z,wind_speed,4.832679005137911
2020-05-14T03:00:00.0000000Z,wind_speed,4.6917604780540625
2020-05-14T06:00:00.0000000Z,wind_speed,4.277194770445568
2020-05-14T09:00:00.0000000Z,wind_speed,3.39662454781575
2020-05-14T12:00:00.0000000Z,wind_speed,3.118794529266206
2020-05-14T15:00:00.0000000Z,wind_speed,3.4465891382923015
2020-05-14T18:00:00.0000000Z,wind_speed,1.207927837185558
2020-05-14T21:00:00.0000000Z,wind_speed,1.9636682145947935
2020-05-15T00:00:00.0000000Z,wind_speed,2.4412891253399365
2020-05-15T03:00:00.0000000Z,wind_speed,2.9432347969387376
2020-05-15T06:00:00.0000000Z,wind_speed,4.387951476164987
2020-05-15T09:00:00.0000000Z,wind_speed,7.608963071613832
2020-05-15T12:00:00.0000000Z,wind_speed,6.381114836943977
2020-05-15T15:00:00.0000000Z,wind_speed,4.710395565261046
2020-05-15T18:00:00.0000000Z,wind_speed,6.259241290425813
2020-05-15T21:00:00.0000000Z,wind_speed,7.053089032165396
2020-05-16T00:00:00.0000000Z,wind_speed,6.545166452754941
2020-05-16T03:00:00.0000000Z,wind_speed,5.446635283087962
2020-05-16T06:00:00.0000000Z,wind_speed,5.07136635334811
2020-05-16T09:00:00.0000000Z,wind_speed,4.708945714620809
2020-05-16T12:00:00.0000000Z,wind_speed,4.092695148695256
2020-05-16T15:00:00.0000000Z,wind_speed,2.4609657042046496
2020-05-16T18:00:00.0000000Z,wind_speed,2.087936378469871
2020-05-16T21:00:00.0000000Z,wind_speed,2.3332341865305604
2020-05-17T00:00:00.0000000Z,wind_speed,2.3217975775971653
2020-05-17T03:00:00.0000000Z,wind_speed,3.1411085043730083
2020-05-17T06:00:00.0000000Z,wind_speed,3.365769795852584
2020-05-17T09:00:00.0000000Z,wind_speed,4.035298104245
2020-05-17T12:00:00.0000000Z,wind_speed,4.104803958703259
2020-05-17T15:00:00.0000000Z,wind_speed,2.1766603694950044
2020-05-17T18:00:00.0000000Z,wind_speed,1.9967956268936748
2020-05-17T21:00:00.0000000Z,wind_speed,2.4170899923008013
2020-05-18T00:00:00.0000000Z,wind_speed,2.362683853960391
2020-05-18T03:00:00.0000000Z,wind_speed,3.211974016052143
2020-05-18T06:00:00.0000000Z,wind_speed,3.3082433967620934
2020-05-18T09:00:00.0000000Z,wind_speed,3.1023257416883094
2020-05-18T12:00:00.0000000Z,wind_speed,2.292475346925814
2020-05-18T15:00:00.0000000Z,wind_speed,2.05247206054534
2020-05-18T18:00:00.0000000Z,wind_speed,1.9959980276167495
2020-05-18T21:00:00.0000000Z,wind_speed,2.0157358600567186
2020-05-19T00:00:00.0000000Z,wind_speed,2.3254063876781794
2020-05-19T03:00:00.0000000Z,wind_speed,2.5900440000902547
2020-05-19T06:00:00.0000000Z,wind_speed,1.1670987136094875
2020-05-19T09:00:00.0000000Z,wind_speed,8.147851454552033
2020-05-19T12:00:00.0000000Z,wind_speed,8.849176959313112
2020-05-19T15:00:00.0000000Z,wind_speed,7.491161667571328
2020-05-19T18:00:00.0000000Z,wind_speed,6.043600933225468
2020-05-19T21:00:00.0000000Z,wind_speed,6.941846111361059
2020-05-20T00:00:00.0000000Z,wind_speed,7.730991587381383
2020-05-20T03:00:00.0000000Z,wind_speed,7.27148862920747
2020-05-20T06:00:00.0000000Z,wind_speed,8.054661435939266
2020-05-20T09:00:00.0000000Z,wind_speed,7.04165310106676
2020-05-20T12:00:00.0000000Z,wind_speed,5.687394842620964
2020-05-20T15:00:00.0000000Z,wind_speed,3.9580861004001013
2020-05-20T18:00:00.0000000Z,wind_speed,2.257969169185823
2020-05-20T21:00:00.0000000Z,wind_speed,1.7059328663332893
2020-05-21T00:00:00.0000000Z,wind_speed,1.8177841884245296
2020-05-21T03:00:00.0000000Z,wind_speed,1.6503540179540128
2020-05-21T06:00:00.0000000Z,wind_speed,1.1949086737170949
2020-05-21T09:00:00.0000000Z,wind_speed,1.632227127780176
2020-05-21T12:00:00.0000000Z,wind_speed,3.4465202760626874
2020-05-21T15:00:00.0000000Z,wind_speed,2.508329847459308
2020-05-21T18:00:00.0000000Z,wind_speed,2.108428580327451
2020-05-21T21:00:00.0000000Z,wind_speed,4.131830202500438
2020-05-22T00:00:00.0000000Z,wind_speed,4.814116539341504
2020-05-22T03:00:00.0000000Z,wind_speed,4.362364380489366
2020-05-22T06:00:00.0000000Z,wind_speed,4.384383926679324
2020-05-22T09:00:00.0000000Z,wind_speed,4.781602255193405
2020-05-22T12:00:00.0000000Z,wind_speed,5.082145006740199
2020-05-22T15:00:00.0000000Z,wind_speed,2.748393863861045
2020-05-22T18:00:00.0000000Z,wind_speed,3.3779306027114924
2020-05-22T21:00:00.0000000Z,wind_speed,2.3571844841958147
2020-05-23T00:00:00.0000000Z,wind_speed,1.7939703143616856
2020-05-23T03:00:00.0000000Z,wind_speed,2.653999485675857
2020-05-23T06:00:00.0000000Z,wind_speed,3.4312182217471436
2020-05-23T09:00:00.0000000Z,wind_speed,4.1523661910616365
2020-05-23T12:00:00.0000000Z,wind_speed,5.143525688963401
2020-05-23T15:00:00.0000000Z,wind_speed,4.673956218726614
2020-05-23T18:00:00.0000000Z,wind_speed,5.116514422315234
2020-05-23T21:00:00.0000000Z,wind_speed,4.942762070653074
2020-05-24T00:00:00.0000000Z,wind_speed,3.9217654042383283
2020-05-24T03:00:00.0000000Z,wind_speed,1.2161767089067475
2020-05-24T06:00:00.0000000Z,wind_speed,6.920757682065959
2020-05-24T09:00:00.0000000Z,wind_speed,6.907836514043225
2020-05-24T12:00:00.0000000Z,wind_speed,5.596021250063819
2020-05-24T15:00:00.0000000Z,wind_speed,3.7548517713227767
2020-05-24T18:00:00.0000000Z,wind_speed,2.3936005123409716
2020-05-24T21:00:00.0000000Z,wind_speed,1.86760557785645
2020-05-25T00:00:00.0000000Z,wind_speed,2.5952847365013607
2020-05-25T03:00:00.0000000Z,wind_speed,3.7495971691313428
2020-05-25T06:00:00.0000000Z,wind_speed,4.195241954865033
2020-05-25T09:00:00.0000000Z,wind_speed,4.886330609206654
2020-05-25T12:00:00.0000000Z,wind_speed,3.7698683465907794
2020-05-25T15:00:00.0000000Z,wind_speed,1.085340472520636
2020-05-25T18:00:00.0000000Z,wind_speed,2.296749021824099
2020-05-25T21:00:00.0000000Z,wind_speed,2.4155837909321676
2020-05-26T00:00:00.0000000Z,wind_speed,2.462591176833299
2020-05-26T03:00:00.0000000Z,wind_speed,3.7078560167997434
2020-05-26T06:00:00.0000000Z,wind_speed,4.57286565802113
2020-05-26T09:00:00.0000000Z,wind_speed,6.237825903731129
2020-05-26T12:00:00.0000000Z,wind_speed,6.844206857412709
2020-05-26T15:00:00.0000000Z,wind_speed,6.314021824547927
2020-05-26T18:00:00.0000000Z,wind_speed,6.5601535430440645
2020-05-26T21:00:00.0000000Z,wind_speed,4.851003047104511
2020-05-27T00:00:00.0000000Z,wind_speed,4.729518686674282
2020-05-27T03:00:00.0000000Z,wind_speed,3.908024912431302
2020-05-27T06:00:00.0000000Z,wind_speed,4.8736712346218045
2020-05-27T09:00:00.0000000Z,wind_speed,5.360774858191359
2020-05-27T12:00:00.0000000Z,wind_speed,5.27153013993465
2020-05-27T15:00:00.0000000Z,wind_speed,4.76357459120743
2020-05-27T18:00:00.0000000Z,wind_speed,3.7393378060634
2020-05-27T21:00:00.0000000Z,wind_speed,3.358930774797419
2020-05-28T00:00:00.0000000Z,wind_speed,1.9382006107255074
2020-05-28T03:00:00.0000000Z,wind_speed,2.4124949770874125
2020-05-28T06:00:00.0000000Z,wind_speed,3.2821459885463087
2020-05-28T09:00:00.0000000Z,wind_speed,3.0964028394437317
2020-05-28T12:00:00.0000000Z,wind_speed,2.471154410624666
2020-05-28T15:00:00.0000000Z,wind_speed,2.0196090831747178
2020-05-28T18:00:00.0000000Z,wind_speed,2.15042322400783
2020-05-28T21:00:00.0000000Z,wind_speed,1.9294424793175267
2020-05-29T00:00:00.0000000Z,wind_speed,1.4348577449573365
2020-05-29T03:00:00.0000000Z,wind_speed,1.7326861816876207
2020-05-29T06:00:00.0000000Z,wind_speed,3.3344759708592284
2020-05-29T09:00:00.0000000Z,wind_speed,3.599770343697394
2020-05-29T12:00:00.0000000Z,wind_speed,3.1230951851697224
2020-05-29T15:00:00.0000000Z,wind_speed,2.0242282981118365
2020-05-29T18:00:00.0000000Z,wind_speed,2.3897053742204886
2020-05-29T21:00:00.0000000Z,wind_speed,2.4145677801858723
2020-05-30T00:00:00.0000000Z,wind_speed,2.383416402830248
2020-05-30T03:00:00.0000000Z,wind_speed,2.8926031547956494
2020-05-30T06:00:00.0000000Z,wind_speed,4.223755904749646
2020-05-30T09:00:00.0000000Z,wind_speed,5.0038598168602935
2020-05-30T12:00:00.0000000Z,wind_speed,4.507252424549864
2020-05-30T15:00:00.0000000Z,wind_speed,2.007624325717694
2020-05-30T18:00:00.0000000Z,wind_speed,2.705075552826865
2020-05-30T21:00:00.0000000Z,wind_speed,1.3969269455498368
2020-05-31T00:00:00.0000000Z,wind_speed,1.2853541843291334
2020-05-31T03:00:00.0000000Z,wind_speed,2.4869372588752268
2020-05-31T06:00:00.0000000Z,wind_speed,2.6440051192705667
2020-05-31T09:00:00.0000000Z,wind_speed,5.783108479863756
2020-05-31T12:00:00.0000000Z,wind_speed,5.527185278561132
2020-05-31T15:00:00.0000000Z,wind_speed,5.226241907535963
2020-05-31T18:00:00.0000000Z,wind_speed,3.8333048845750612
2020-05-31T21:00:00.0000000Z,wind_speed,4.981361737898414
